kind,year,num,status,bytes,file,url
flash,1995,1,missing,0,FR_1995_01_january.pdf,
flash,1995,2,missing,0,FR_1995_02_february.pdf,
flash,1995,3,missing,0,FR_1995_03_march.pdf,
flash,1995,4,missing,0,FR_1995_04_april.pdf,
flash,1995,5,missing,0,FR_1995_05_may.pdf,
flash,1995,6,missing,0,FR_1995_06_june.pdf,
flash,1995,7,missing,0,FR_1995_07_july.pdf,
flash,1995,8,missing,0,FR_1995_08_august.pdf,
flash,1995,9,missing,0,FR_1995_09_september.pdf,
flash,1995,10,missing,0,FR_1995_10_october.pdf,
flash,1995,11,missing,0,FR_1995_11_november.pdf,
flash,1995,12,missing,0,FR_1995_12_december.pdf,
flash,1996,1,missing,0,FR_1996_01_january.pdf,
flash,1996,2,missing,0,FR_1996_02_february.pdf,
flash,1996,3,missing,0,FR_1996_03_march.pdf,
flash,1996,4,missing,0,FR_1996_04_april.pdf,
flash,1996,5,missing,0,FR_1996_05_may.pdf,
flash,1996,6,missing,0,FR_1996_06_june.pdf,
flash,1996,7,missing,0,FR_1996_07_july.pdf,
flash,1996,8,missing,0,FR_1996_08_august.pdf,
flash,1996,9,missing,0,FR_1996_09_september.pdf,
flash,1996,10,missing,0,FR_1996_10_october.pdf,
flash,1996,11,missing,0,FR_1996_11_november.pdf,
flash,1996,12,missing,0,FR_1996_12_december.pdf,
flash,1997,1,missing,0,FR_1997_01_january.pdf,
flash,1997,2,missing,0,FR_1997_02_february.pdf,
flash,1997,3,missing,0,FR_1997_03_march.pdf,
flash,1997,4,missing,0,FR_1997_04_april.pdf,
flash,1997,5,missing,0,FR_1997_05_may.pdf,
flash,1997,6,missing,0,FR_1997_06_june.pdf,
flash,1997,7,missing,0,FR_1997_07_july.pdf,
flash,1997,8,missing,0,FR_1997_08_august.pdf,
flash,1997,9,missing,0,FR_1997_09_september.pdf,
flash,1997,10,missing,0,FR_1997_10_october.pdf,
flash,1997,11,missing,0,FR_1997_11_november.pdf,
flash,1997,12,missing,0,FR_1997_12_december.pdf,
flash,1998,1,missing,0,FR_1998_01_january.pdf,
flash,1998,2,missing,0,FR_1998_02_february.pdf,
flash,1998,3,missing,0,FR_1998_03_march.pdf,
flash,1998,4,missing,0,FR_1998_04_april.pdf,
flash,1998,5,missing,0,FR_1998_05_may.pdf,
flash,1998,6,missing,0,FR_1998_06_june.pdf,
flash,1998,7,missing,0,FR_1998_07_july.pdf,
flash,1998,8,missing,0,FR_1998_08_august.pdf,
flash,1998,9,missing,0,FR_1998_09_september.pdf,
flash,1998,10,missing,0,FR_1998_10_october.pdf,
flash,1998,11,missing,0,FR_1998_11_november.pdf,
flash,1998,12,missing,0,FR_1998_12_december.pdf,
flash,1999,1,missing,0,FR_1999_01_january.pdf,
flash,1999,2,missing,0,FR_1999_02_february.pdf,
flash,1999,3,missing,0,FR_1999_03_march.pdf,
flash,1999,4,missing,0,FR_1999_04_april.pdf,
flash,1999,5,missing,0,FR_1999_05_may.pdf,
flash,1999,6,missing,0,FR_1999_06_june.pdf,
flash,1999,7,missing,0,FR_1999_07_july.pdf,
flash,1999,8,missing,0,FR_1999_08_august.pdf,
flash,1999,9,missing,0,FR_1999_09_september.pdf,
flash,1999,10,missing,0,FR_1999_10_october.pdf,
flash,1999,11,missing,0,FR_1999_11_november.pdf,
flash,1999,12,missing,0,FR_1999_12_december.pdf,
flash,2000,1,missing,0,FR_2000_01_january.pdf,
flash,2000,2,missing,0,FR_2000_02_february.pdf,
flash,2000,3,missing,0,FR_2000_03_march.pdf,
flash,2000,4,missing,0,FR_2000_04_april.pdf,
flash,2000,5,missing,0,FR_2000_05_may.pdf,
flash,2000,6,missing,0,FR_2000_06_june.pdf,
flash,2000,7,missing,0,FR_2000_07_july.pdf,
flash,2000,8,missing,0,FR_2000_08_august.pdf,
flash,2000,9,missing,0,FR_2000_09_september.pdf,
flash,2000,10,missing,0,FR_2000_10_october.pdf,
flash,2000,11,missing,0,FR_2000_11_november.pdf,
flash,2000,12,missing,0,FR_2000_12_december.pdf,
flash,2001,1,missing,0,FR_2001_01_january.pdf,
flash,2001,2,missing,0,FR_2001_02_february.pdf,
flash,2001,3,missing,0,FR_2001_03_march.pdf,
flash,2001,4,ok,279686,FR_2001_04_april.pdf,https://ipm.mospi.gov.in/Content/ArchiveReport/flash/2001-02/FR_april_2001.pdf
flash,2001,5,ok,269242,FR_2001_05_may.pdf,https://ipm.mospi.gov.in/Content/ArchiveReport/flash/2001-02/FR_may_2001.pdf
flash,2001,6,ok,266538,FR_2001_06_june.pdf,https://ipm.mospi.gov.in/Content/ArchiveReport/flash/2001-02/FR_june_2001.pdf
flash,2001,7,ok,260911,FR_2001_07_july.pdf,https://ipm.mospi.gov.in/Content/ArchiveReport/flash/2001-02/FR_july_2001.pdf
flash,2001,8,ok,266538,FR_2001_08_august.pdf,https://ipm.mospi.gov.in/Content/ArchiveReport/flash/2001-02/FR_aug_2001.pdf
flash,2001,9,ok,276648,FR_2001_09_september.pdf,https://ipm.mospi.gov.in/Content/ArchiveReport/flash/2001-02/FR_sep_2001.pdf
flash,2001,10,ok,279284,FR_2001_10_october.pdf,https://ipm.mospi.gov.in/Content/ArchiveReport/flash/2001-02/FR_oct_2001.pdf
flash,2001,11,ok,273158,FR_2001_11_november.pdf,https://ipm.mospi.gov.in/Content/ArchiveReport/flash/2001-02/FR_nov_2001.pdf
flash,2001,12,ok,284818,FR_2001_12_december.pdf,https://ipm.mospi.gov.in/Content/ArchiveReport/flash/2001-02/FR_dec_2001.pdf
flash,2002,1,ok,279620,FR_2002_01_january.pdf,https://ipm.mospi.gov.in/Content/ArchiveReport/flash/2001-02/FR_jan_2002.pdf
flash,2002,2,ok,281589,FR_2002_02_february.pdf,https://ipm.mospi.gov.in/Content/ArchiveReport/flash/2001-02/FR_feb_2002.pdf
flash,2002,3,ok,289078,FR_2002_03_march.pdf,https://ipm.mospi.gov.in/Content/ArchiveReport/flash/2001-02/FR_mar_2002.pdf
flash,2002,4,ok,269853,FR_2002_04_april.pdf,https://ipm.mospi.gov.in/Content/ArchiveReport/flash/2002-03/FR_apr_2002.pdf
flash,2002,5,ok,280046,FR_2002_05_may.pdf,https://ipm.mospi.gov.in/Content/ArchiveReport/flash/2002-03/FR_may_2002.pdf
flash,2002,6,ok,424426,FR_2002_06_june.pdf,https://ipm.mospi.gov.in/Content/ArchiveReport/flash/2002-03/FR_june_2002.pdf
flash,2002,7,ok,374160,FR_2002_07_july.pdf,https://ipm.mospi.gov.in/Content/ArchiveReport/flash/2002-03/FR_july_2002.pdf
flash,2002,8,ok,398521,FR_2002_08_august.pdf,https://ipm.mospi.gov.in/Content/ArchiveReport/flash/2002-03/FR_aug_2002.pdf
flash,2002,9,ok,373209,FR_2002_09_september.pdf,https://ipm.mospi.gov.in/Content/ArchiveReport/flash/2002-03/FR_sep_2002.pdf
flash,2002,10,ok,378131,FR_2002_10_october.pdf,https://ipm.mospi.gov.in/Content/ArchiveReport/flash/2002-03/FR_oct_2002.pdf
flash,2002,11,ok,383411,FR_2002_11_november.pdf,https://ipm.mospi.gov.in/Content/ArchiveReport/flash/2002-03/FR_nov_2002.pdf
flash,2002,12,ok,377474,FR_2002_12_december.pdf,https://ipm.mospi.gov.in/Content/ArchiveReport/flash/2002-03/FR_dec_2002.pdf
flash,2003,1,ok,398573,FR_2003_01_january.pdf,https://ipm.mospi.gov.in/Content/ArchiveReport/flash/2002-03/FR_jan_2003.pdf
flash,2003,2,ok,420106,FR_2003_02_february.pdf,https://ipm.mospi.gov.in/Content/ArchiveReport/flash/2002-03/FR_feb_2003.pdf
flash,2003,3,ok,390636,FR_2003_03_march.pdf,https://ipm.mospi.gov.in/Content/ArchiveReport/flash/2002-03/FR_mar_2003.pdf
flash,2003,4,missing,0,FR_2003_04_april.pdf,
flash,2003,5,missing,0,FR_2003_05_may.pdf,
flash,2003,6,missing,0,FR_2003_06_june.pdf,
flash,2003,7,missing,0,FR_2003_07_july.pdf,
flash,2003,8,missing,0,FR_2003_08_august.pdf,
flash,2003,9,missing,0,FR_2003_09_september.pdf,
flash,2003,10,missing,0,FR_2003_10_october.pdf,
flash,2003,11,missing,0,FR_2003_11_november.pdf,
flash,2003,12,missing,0,FR_2003_12_december.pdf,
flash,2004,1,missing,0,FR_2004_01_january.pdf,
flash,2004,2,missing,0,FR_2004_02_february.pdf,
flash,2004,3,missing,0,FR_2004_03_march.pdf,
flash,2004,4,missing,0,FR_2004_04_april.pdf,
flash,2004,5,missing,0,FR_2004_05_may.pdf,
flash,2004,6,missing,0,FR_2004_06_june.pdf,
flash,2004,7,missing,0,FR_2004_07_july.pdf,
flash,2004,8,missing,0,FR_2004_08_august.pdf,
flash,2004,9,missing,0,FR_2004_09_september.pdf,
flash,2004,10,missing,0,FR_2004_10_october.pdf,
flash,2004,11,missing,0,FR_2004_11_november.pdf,
flash,2004,12,missing,0,FR_2004_12_december.pdf,
flash,2005,1,missing,0,FR_2005_01_january.pdf,
flash,2005,2,missing,0,FR_2005_02_february.pdf,
flash,2005,3,missing,0,FR_2005_03_march.pdf,
flash,2005,4,missing,0,FR_2005_04_april.pdf,
flash,2005,5,missing,0,FR_2005_05_may.pdf,
flash,2005,6,missing,0,FR_2005_06_june.pdf,
flash,2005,7,missing,0,FR_2005_07_july.pdf,
flash,2005,8,missing,0,FR_2005_08_august.pdf,
flash,2005,9,missing,0,FR_2005_09_september.pdf,
flash,2005,10,missing,0,FR_2005_10_october.pdf,
flash,2005,11,missing,0,FR_2005_11_november.pdf,
flash,2005,12,missing,0,FR_2005_12_december.pdf,
flash,2006,1,missing,0,FR_2006_01_january.pdf,
flash,2006,2,missing,0,FR_2006_02_february.pdf,
flash,2006,3,missing,0,FR_2006_03_march.pdf,
flash,2006,4,missing,0,FR_2006_04_april.pdf,
flash,2006,5,missing,0,FR_2006_05_may.pdf,
flash,2006,6,missing,0,FR_2006_06_june.pdf,
flash,2006,7,missing,0,FR_2006_07_july.pdf,
flash,2006,8,missing,0,FR_2006_08_august.pdf,
flash,2006,9,missing,0,FR_2006_09_september.pdf,
flash,2006,10,missing,0,FR_2006_10_october.pdf,
flash,2006,11,missing,0,FR_2006_11_november.pdf,
flash,2006,12,missing,0,FR_2006_12_december.pdf,
flash,2007,1,missing,0,FR_2007_01_january.pdf,
flash,2007,2,missing,0,FR_2007_02_february.pdf,
flash,2007,3,missing,0,FR_2007_03_march.pdf,
flash,2007,4,missing,0,FR_2007_04_april.pdf,
flash,2007,5,cached,662403,FR_2007_05_may.pdf,
flash,2007,6,missing,0,FR_2007_06_june.pdf,
flash,2007,7,missing,0,FR_2007_07_july.pdf,
flash,2007,8,missing,0,FR_2007_08_august.pdf,
flash,2007,9,missing,0,FR_2007_09_september.pdf,
flash,2007,10,cached,693672,FR_2007_10_october.pdf,
flash,2007,11,missing,0,FR_2007_11_november.pdf,
flash,2007,12,missing,0,FR_2007_12_december.pdf,
flash,2008,1,missing,0,FR_2008_01_january.pdf,
flash,2008,2,missing,0,FR_2008_02_february.pdf,
flash,2008,3,missing,0,FR_2008_03_march.pdf,
flash,2008,4,missing,0,FR_2008_04_april.pdf,
flash,2008,5,missing,0,FR_2008_05_may.pdf,
flash,2008,6,missing,0,FR_2008_06_june.pdf,
flash,2008,7,missing,0,FR_2008_07_july.pdf,
flash,2008,8,missing,0,FR_2008_08_august.pdf,
flash,2008,9,missing,0,FR_2008_09_september.pdf,
flash,2008,10,missing,0,FR_2008_10_october.pdf,
flash,2008,11,missing,0,FR_2008_11_november.pdf,
flash,2008,12,missing,0,FR_2008_12_december.pdf,
flash,2009,1,missing,0,FR_2009_01_january.pdf,
flash,2009,2,missing,0,FR_2009_02_february.pdf,
flash,2009,3,cached,339604,FR_2009_03_march.pdf,
flash,2009,4,missing,0,FR_2009_04_april.pdf,
flash,2009,5,missing,0,FR_2009_05_may.pdf,
flash,2009,6,cached,948991,FR_2009_06_june.pdf,
flash,2009,7,cached,1611433,FR_2009_07_july.pdf,
flash,2009,8,cached,907790,FR_2009_08_august.pdf,
flash,2009,9,cached,338189,FR_2009_09_september.pdf,
flash,2009,10,cached,333776,FR_2009_10_october.pdf,
flash,2009,11,cached,346660,FR_2009_11_november.pdf,
flash,2009,12,cached,558966,FR_2009_12_december.pdf,
flash,2010,1,cached,462845,FR_2010_01_january.pdf,
flash,2010,2,cached,416141,FR_2010_02_february.pdf,
flash,2010,3,cached,831026,FR_2010_03_march.pdf,
flash,2010,4,cached,416112,FR_2010_04_april.pdf,
flash,2010,5,cached,434859,FR_2010_05_may.pdf,
flash,2010,6,cached,606473,FR_2010_06_june.pdf,
flash,2010,7,cached,489570,FR_2010_07_july.pdf,
flash,2010,8,cached,585916,FR_2010_08_august.pdf,
flash,2010,9,cached,586179,FR_2010_09_september.pdf,
flash,2010,10,cached,597016,FR_2010_10_october.pdf,
flash,2010,11,cached,586854,FR_2010_11_november.pdf,
flash,2010,12,cached,579391,FR_2010_12_december.pdf,
flash,2011,1,cached,3321492,FR_2011_01_january.pdf,
flash,2011,2,cached,1169655,FR_2011_02_february.pdf,
flash,2011,3,cached,920395,FR_2011_03_march.pdf,
flash,2011,4,cached,893960,FR_2011_04_april.pdf,
flash,2011,5,cached,1627697,FR_2011_05_may.pdf,
flash,2011,6,cached,1410258,FR_2011_06_june.pdf,
flash,2011,7,cached,3081062,FR_2011_07_july.pdf,
flash,2011,8,cached,2507397,FR_2011_08_august.pdf,
flash,2011,9,cached,2446277,FR_2011_09_september.pdf,
flash,2011,10,cached,8840697,FR_2011_10_october.pdf,
flash,2011,11,cached,2453341,FR_2011_11_november.pdf,
flash,2011,12,cached,3637069,FR_2011_12_december.pdf,
flash,2012,1,cached,2858833,FR_2012_01_january.pdf,
flash,2012,2,cached,5139618,FR_2012_02_february.pdf,
flash,2012,3,cached,2729688,FR_2012_03_march.pdf,
flash,2012,4,cached,3136341,FR_2012_04_april.pdf,
flash,2012,5,cached,4168510,FR_2012_05_may.pdf,
flash,2012,6,cached,10218949,FR_2012_06_june.pdf,
flash,2012,7,cached,6554944,FR_2012_07_july.pdf,
flash,2012,8,cached,5809528,FR_2012_08_august.pdf,
flash,2012,9,cached,6159970,FR_2012_09_september.pdf,
flash,2012,10,cached,8307045,FR_2012_10_october.pdf,
flash,2012,11,cached,5280485,FR_2012_11_november.pdf,
flash,2012,12,cached,5103958,FR_2012_12_december.pdf,
flash,2013,1,missing,0,FR_2013_01_january.pdf,
flash,2013,2,cached,4355341,FR_2013_02_february.pdf,
flash,2013,3,cached,6390107,FR_2013_03_march.pdf,
flash,2013,4,cached,2200210,FR_2013_04_april.pdf,
flash,2013,5,cached,9208231,FR_2013_05_may.pdf,
flash,2013,6,cached,17166661,FR_2013_06_june.pdf,
flash,2013,7,cached,5708235,FR_2013_07_july.pdf,
flash,2013,8,cached,10389778,FR_2013_08_august.pdf,
flash,2013,9,cached,16350007,FR_2013_09_september.pdf,
flash,2013,10,cached,19062346,FR_2013_10_october.pdf,
flash,2013,11,cached,4267954,FR_2013_11_november.pdf,
flash,2013,12,cached,4612165,FR_2013_12_december.pdf,
flash,2014,1,cached,2429581,FR_2014_01_january.pdf,
flash,2014,2,cached,2414125,FR_2014_02_february.pdf,
flash,2014,3,cached,8615406,FR_2014_03_march.pdf,
flash,2014,4,cached,7271241,FR_2014_04_april.pdf,
flash,2014,5,cached,7411739,FR_2014_05_may.pdf,
flash,2014,6,cached,4633400,FR_2014_06_june.pdf,
flash,2014,7,cached,2520422,FR_2014_07_july.pdf,
flash,2014,8,cached,3598608,FR_2014_08_august.pdf,
flash,2014,9,cached,2868884,FR_2014_09_september.pdf,
flash,2014,10,cached,2868035,FR_2014_10_october.pdf,
flash,2014,11,cached,2697922,FR_2014_11_november.pdf,
flash,2014,12,cached,2535883,FR_2014_12_december.pdf,
flash,2015,1,cached,16640295,FR_2015_01_january.pdf,
flash,2015,2,cached,4125517,FR_2015_02_february.pdf,
flash,2015,3,cached,3058075,FR_2015_03_march.pdf,
flash,2015,4,cached,3947513,FR_2015_04_april.pdf,
flash,2015,5,cached,5064822,FR_2015_05_may.pdf,
flash,2015,6,cached,4281867,FR_2015_06_june.pdf,
flash,2015,7,cached,4321027,FR_2015_07_july.pdf,
flash,2015,8,cached,4543259,FR_2015_08_august.pdf,
flash,2015,9,cached,4761842,FR_2015_09_september.pdf,
flash,2015,10,cached,2692132,FR_2015_10_october.pdf,
flash,2015,11,cached,5876886,FR_2015_11_november.pdf,
flash,2015,12,cached,10947219,FR_2015_12_december.pdf,
flash,2016,1,cached,5842901,FR_2016_01_january.pdf,
flash,2016,2,cached,5801843,FR_2016_02_february.pdf,
flash,2016,3,cached,3891582,FR_2016_03_march.pdf,
flash,2016,4,cached,11554396,FR_2016_04_april.pdf,
flash,2016,5,cached,3544157,FR_2016_05_may.pdf,
flash,2016,6,cached,5878068,FR_2016_06_june.pdf,
flash,2016,7,cached,5270026,FR_2016_07_july.pdf,
flash,2016,8,cached,7234502,FR_2016_08_august.pdf,
flash,2016,9,cached,6190978,FR_2016_09_september.pdf,
flash,2016,10,cached,4600685,FR_2016_10_october.pdf,
flash,2016,11,cached,3788234,FR_2016_11_november.pdf,
flash,2016,12,cached,3987432,FR_2016_12_december.pdf,
flash,2017,1,cached,7777541,FR_2017_01_january.pdf,
flash,2017,2,cached,7642423,FR_2017_02_february.pdf,
flash,2017,3,cached,3576043,FR_2017_03_march.pdf,
flash,2017,4,cached,3385915,FR_2017_04_april.pdf,
flash,2017,5,cached,3343156,FR_2017_05_may.pdf,
flash,2017,6,cached,3646897,FR_2017_06_june.pdf,
flash,2017,7,cached,3434603,FR_2017_07_july.pdf,
flash,2017,8,cached,5413899,FR_2017_08_august.pdf,
flash,2017,9,cached,3501762,FR_2017_09_september.pdf,
flash,2017,10,cached,6750401,FR_2017_10_october.pdf,
flash,2017,11,cached,3610038,FR_2017_11_november.pdf,
flash,2017,12,cached,4164816,FR_2017_12_december.pdf,
flash,2018,1,cached,3623374,FR_2018_01_january.pdf,
flash,2018,2,cached,4414885,FR_2018_02_february.pdf,
flash,2018,3,cached,12453327,FR_2018_03_march.pdf,
flash,2018,4,cached,5644841,FR_2018_04_april.pdf,
flash,2018,5,cached,39162224,FR_2018_05_may.pdf,
flash,2018,6,cached,21961494,FR_2018_06_june.pdf,
flash,2018,7,cached,5165657,FR_2018_07_july.pdf,
flash,2018,8,missing,0,FR_2018_08_august.pdf,
flash,2018,9,missing,0,FR_2018_09_september.pdf,
flash,2018,10,missing,0,FR_2018_10_october.pdf,
flash,2018,11,missing,0,FR_2018_11_november.pdf,
flash,2018,12,missing,0,FR_2018_12_december.pdf,
flash,2019,1,missing,0,FR_2019_01_january.pdf,
flash,2019,2,missing,0,FR_2019_02_february.pdf,
flash,2019,3,missing,0,FR_2019_03_march.pdf,
flash,2019,4,missing,0,FR_2019_04_april.pdf,
flash,2019,5,missing,0,FR_2019_05_may.pdf,
flash,2019,6,missing,0,FR_2019_06_june.pdf,
flash,2019,7,missing,0,FR_2019_07_july.pdf,
flash,2019,8,missing,0,FR_2019_08_august.pdf,
flash,2019,9,missing,0,FR_2019_09_september.pdf,
flash,2019,10,missing,0,FR_2019_10_october.pdf,
flash,2019,11,missing,0,FR_2019_11_november.pdf,
flash,2019,12,missing,0,FR_2019_12_december.pdf,
flash,2020,1,missing,0,FR_2020_01_january.pdf,
flash,2020,2,cached,6367912,FR_2020_02_february.pdf,
flash,2020,3,cached,5647681,FR_2020_03_march.pdf,
flash,2020,4,cached,20749369,FR_2020_04_april.pdf,
flash,2020,5,cached,34066953,FR_2020_05_may.pdf,
flash,2020,6,cached,55564051,FR_2020_06_june.pdf,
flash,2020,7,missing,0,FR_2020_07_july.pdf,
flash,2020,8,cached,88404797,FR_2020_08_august.pdf,
flash,2020,9,cached,27978121,FR_2020_09_september.pdf,
flash,2020,10,cached,37421446,FR_2020_10_october.pdf,
flash,2020,11,cached,34777163,FR_2020_11_november.pdf,
flash,2020,12,cached,7963167,FR_2020_12_december.pdf,
flash,2021,1,cached,7638209,FR_2021_01_january.pdf,
flash,2021,2,cached,7351787,FR_2021_02_february.pdf,
flash,2021,3,cached,7312205,FR_2021_03_march.pdf,
flash,2021,4,cached,7747988,FR_2021_04_april.pdf,
flash,2021,5,cached,13537962,FR_2021_05_may.pdf,
flash,2021,6,cached,23541560,FR_2021_06_june.pdf,
flash,2021,7,cached,8073582,FR_2021_07_july.pdf,
flash,2021,8,cached,13908757,FR_2021_08_august.pdf,
flash,2021,9,cached,35252651,FR_2021_09_september.pdf,
flash,2021,10,cached,19495893,FR_2021_10_october.pdf,
flash,2021,11,cached,7496798,FR_2021_11_november.pdf,
flash,2021,12,cached,13658967,FR_2021_12_december.pdf,
flash,2022,1,cached,6484387,FR_2022_01_january.pdf,
flash,2022,2,cached,8155608,FR_2022_02_february.pdf,
flash,2022,3,cached,33469339,FR_2022_03_march.pdf,
flash,2022,4,cached,51201868,FR_2022_04_april.pdf,
flash,2022,5,cached,23100236,FR_2022_05_may.pdf,
flash,2022,6,cached,48136128,FR_2022_06_june.pdf,
flash,2022,7,cached,21099539,FR_2022_07_july.pdf,
flash,2022,8,cached,6439024,FR_2022_08_august.pdf,
flash,2022,9,cached,27545994,FR_2022_09_september.pdf,
flash,2022,10,cached,32744545,FR_2022_10_october.pdf,
flash,2022,11,cached,27838721,FR_2022_11_november.pdf,
flash,2022,12,cached,27349921,FR_2022_12_december.pdf,
flash,2023,1,cached,28256637,FR_2023_01_january.pdf,
flash,2023,2,cached,33080976,FR_2023_02_february.pdf,
flash,2023,3,cached,22035689,FR_2023_03_march.pdf,
flash,2023,4,cached,28399968,FR_2023_04_april.pdf,
flash,2023,5,cached,35505948,FR_2023_05_may.pdf,
flash,2023,6,cached,28186735,FR_2023_06_june.pdf,
flash,2023,7,missing,0,FR_2023_07_july.pdf,
flash,2023,8,cached,22631595,FR_2023_08_august.pdf,
flash,2023,9,cached,21637914,FR_2023_09_september.pdf,
flash,2023,10,cached,7005132,FR_2023_10_october.pdf,
flash,2023,11,cached,40579535,FR_2023_11_november.pdf,
flash,2023,12,cached,553176,FR_2023_12_december.pdf,
flash,2024,1,cached,35516309,FR_2024_01_january.pdf,
flash,2024,2,cached,30439948,FR_2024_02_february.pdf,
flash,2024,3,cached,40325728,FR_2024_03_march.pdf,
flash,2024,4,cached,5726693,FR_2024_04_april.pdf,
flash,2024,5,cached,7949105,FR_2024_05_may.pdf,
flash,2024,6,missing,0,FR_2024_06_june.pdf,
flash,2024,7,cached,2251930,FR_2024_07_july.pdf,
flash,2024,8,cached,7529870,FR_2024_08_august.pdf,
flash,2024,9,cached,8251098,FR_2024_09_september.pdf,
flash,2024,10,missing,0,FR_2024_10_october.pdf,
flash,2024,11,missing,0,FR_2024_11_november.pdf,
flash,2024,12,missing,0,FR_2024_12_december.pdf,
flash,2025,1,missing,0,FR_2025_01_january.pdf,
flash,2025,2,missing,0,FR_2025_02_february.pdf,
flash,2025,3,missing,0,FR_2025_03_march.pdf,
flash,2025,4,missing,0,FR_2025_04_april.pdf,
flash,2025,5,missing,0,FR_2025_05_may.pdf,
flash,2025,6,cached,14003041,FR_2025_06_june.pdf,
flash,2025,7,missing,0,FR_2025_07_july.pdf,
flash,2025,8,missing,0,FR_2025_08_august.pdf,
flash,2025,9,missing,0,FR_2025_09_september.pdf,
flash,2025,10,missing,0,FR_2025_10_october.pdf,
flash,2025,11,missing,0,FR_2025_11_november.pdf,
flash,2025,12,missing,0,FR_2025_12_december.pdf,
flash,2026,1,missing,0,FR_2026_01_january.pdf,
flash,2026,2,missing,0,FR_2026_02_february.pdf,
flash,2026,3,missing,0,FR_2026_03_march.pdf,
flash,2026,4,missing,0,FR_2026_04_april.pdf,
flash,2026,5,missing,0,FR_2026_05_may.pdf,
flash,2026,6,missing,0,FR_2026_06_june.pdf,
flash,2026,7,missing,0,FR_2026_07_july.pdf,
flash,2026,8,missing,0,FR_2026_08_august.pdf,
flash,2026,9,missing,0,FR_2026_09_september.pdf,
flash,2026,10,missing,0,FR_2026_10_october.pdf,
flash,2026,11,missing,0,FR_2026_11_november.pdf,
flash,2026,12,missing,0,FR_2026_12_december.pdf,
flash,2027,1,missing,0,FR_2027_01_january.pdf,
flash,2027,2,missing,0,FR_2027_02_february.pdf,
flash,2027,3,missing,0,FR_2027_03_march.pdf,
flash,2027,4,missing,0,FR_2027_04_april.pdf,
flash,2027,5,missing,0,FR_2027_05_may.pdf,
flash,2027,6,missing,0,FR_2027_06_june.pdf,
flash,2027,7,missing,0,FR_2027_07_july.pdf,
flash,2027,8,missing,0,FR_2027_08_august.pdf,
flash,2027,9,missing,0,FR_2027_09_september.pdf,
flash,2027,10,missing,0,FR_2027_10_october.pdf,
flash,2027,11,missing,0,FR_2027_11_november.pdf,
flash,2027,12,missing,0,FR_2027_12_december.pdf,
paimana,0,0,missing,0,FR_2026_03_march.pdf,https://paimana-proj.mospi.gov.in/Content/PDF/FlashReport_March_2026.pdf
paimana,0,0,missing,0,Review Report Jan26.pdf,https://paimana-proj.mospi.gov.in/Content/PDF/Review Report Jan26.pdf
paimana,0,0,missing,0,FR_2026_02_february.pdf,https://paimana-proj.mospi.gov.in/Content/PDF/FlashReport_February_2026.pdf
paimana,0,0,missing,0,FR_2026_01_january.pdf,https://paimana-proj.mospi.gov.in/Content/PDF/FlashReport_January_2026.pdf
paimana,0,0,missing,0,Review Report Dec 25.pdf,https://paimana-proj.mospi.gov.in/Content/PDF/Review Report Dec 25.pdf
paimana,0,0,missing,0,FR_2025_12_december.pdf,https://paimana-proj.mospi.gov.in/Content/PDF/FlashReport_December_2025.pdf
paimana,0,0,missing,0,ReviewReportNov25.pdf,https://paimana-proj.mospi.gov.in/Content/PDF/ReviewReportNov25.pdf
paimana,0,0,missing,0,FR_2025_11_november.pdf,https://paimana-proj.mospi.gov.in/Content/PDF/FlashReport_November_2025.pdf
paimana,0,0,missing,0,ReviewReportOct25.pdf,https://paimana-proj.mospi.gov.in/Content/PDF/ReviewReportOct25.pdf
paimana,0,0,missing,0,FR_2025_10_october.pdf,https://paimana-proj.mospi.gov.in/Content/PDF/FlashReport_October_2025.pdf
paimana,0,0,missing,0,ReviewReportSep25.pdf,https://paimana-proj.mospi.gov.in/Content/PDF/ReviewReportSep25.pdf
paimana,0,0,missing,0,FR_2025_09_september.pdf,https://paimana-proj.mospi.gov.in/Content/PDF/FlashReport_September_2025.pdf
paimana,0,0,missing,0,CompleteReviewReportAugust2025.pdf,https://paimana-proj.mospi.gov.in/Content/PDF/CompleteReviewReportAugust2025.pdf
paimana,0,0,missing,0,FR_2025_08_august.pdf,https://paimana-proj.mospi.gov.in/Content/PDF/FlashReport_August_2025.pdf
paimana,0,0,missing,0,CompleteReviewReportJuly2025.pdf,https://paimana-proj.mospi.gov.in/Content/PDF/CompleteReviewReportJuly2025.pdf
paimana,0,0,missing,0,FR_2025_07_july.pdf,https://paimana-proj.mospi.gov.in/Content/PDF/FlashReport_July_2025.pdf
paimana,0,0,missing,0,CompleteReviewReportJune2025.pdf,https://paimana-proj.mospi.gov.in/Content/PDF/CompleteReviewReportJune2025.pdf
paimana,0,0,missing,0,QPISR_QR_1st_2025-26.pdf,https://paimana-proj.mospi.gov.in/Content/PDF/QPISR_QR_1st_2025-26.pdf
paimana,0,0,cached,14003041,FR_2025_06_june.pdf,https://paimana-proj.mospi.gov.in/Content/PDF/FR_JUNE_2025.pdf
paimana,0,0,missing,0,FR_2025_05_may.pdf,https://paimana-proj.mospi.gov.in/Content/PDF/FR_May2025.pdf
paimana,0,0,missing,0,FR_2025_04_april.pdf,https://paimana-proj.mospi.gov.in/Content/PDF/FRApril2025.pdf
paimana,0,0,missing,0,QPISR_4th_QTR_2024-25.pdf,https://paimana-proj.mospi.gov.in/Content/PDF/QPISR_4th_QTR_2024-25.pdf
paimana,0,0,missing,0,CompleteReviewReportMarch2025.pdf,https://paimana-proj.mospi.gov.in/Content/PDF/CompleteReviewReportMarch2025.pdf
paimana,0,0,missing,0,FR_2025_03_march.pdf,https://paimana-proj.mospi.gov.in/Content/PDF/FRMarch2025.pdf
paimana,0,0,missing,0,CompleteReviewReportJanuary2025.pdf,https://paimana-proj.mospi.gov.in/Content/PDF/CompleteReviewReportJanuary2025.pdf
paimana,0,0,missing,0,FR_2025_02_february.pdf,https://paimana-proj.mospi.gov.in/Content/PDF/FRFebruary2025.pdf
paimana,0,0,missing,0,QPISR_IInd_QRT-Part-II.pdf,https://paimana-proj.mospi.gov.in/Content/PDF/QPISR_IInd_QRT-Part-II.pdf
paimana,0,0,missing,0,QPISR_IInd_QRT-Part-I.pdf,https://paimana-proj.mospi.gov.in/Content/PDF/QPISR_IInd_QRT-Part-I.pdf
paimana,0,0,missing,0,CompleteReviewReportNovember2024.pdf,https://paimana-proj.mospi.gov.in/Content/PDF/CompleteReviewReportNovember2024.pdf
paimana,0,0,missing,0,QPISR_3rd_QTR_2024-25.pdf,https://paimana-proj.mospi.gov.in/Content/PDF/QPISR_3rd_QTR_2024-25.pdf
paimana,0,0,missing,0,UNDATED_FlashReportJanuary.pdf,https://paimana-proj.mospi.gov.in/Content/PDF/FlashReportJanuary.pdf
quarterly,1995,1,missing,0,Q_1995_1_Apr-Jun.pdf,
quarterly,1995,2,missing,0,Q_1995_2_Jul-Sep.pdf,
quarterly,1995,3,missing,0,Q_1995_3_Oct-Dec.pdf,
quarterly,1995,4,missing,0,Q_1995_4_Jan-Mar.pdf,
quarterly,1996,1,missing,0,Q_1996_1_Apr-Jun.pdf,
quarterly,1996,2,missing,0,Q_1996_2_Jul-Sep.pdf,
quarterly,1996,3,missing,0,Q_1996_3_Oct-Dec.pdf,
quarterly,1996,4,missing,0,Q_1996_4_Jan-Mar.pdf,
quarterly,1997,1,missing,0,Q_1997_1_Apr-Jun.pdf,
quarterly,1997,2,missing,0,Q_1997_2_Jul-Sep.pdf,
quarterly,1997,3,missing,0,Q_1997_3_Oct-Dec.pdf,
quarterly,1997,4,missing,0,Q_1997_4_Jan-Mar.pdf,
quarterly,1998,1,missing,0,Q_1998_1_Apr-Jun.pdf,
quarterly,1998,2,missing,0,Q_1998_2_Jul-Sep.pdf,
quarterly,1998,3,missing,0,Q_1998_3_Oct-Dec.pdf,
quarterly,1998,4,missing,0,Q_1998_4_Jan-Mar.pdf,
quarterly,1999,1,missing,0,Q_1999_1_Apr-Jun.pdf,
quarterly,1999,2,missing,0,Q_1999_2_Jul-Sep.pdf,
quarterly,1999,3,missing,0,Q_1999_3_Oct-Dec.pdf,
quarterly,1999,4,missing,0,Q_1999_4_Jan-Mar.pdf,
quarterly,2000,1,missing,0,Q_2000_1_Apr-Jun.pdf,
quarterly,2000,2,missing,0,Q_2000_2_Jul-Sep.pdf,
quarterly,2000,3,missing,0,Q_2000_3_Oct-Dec.pdf,
quarterly,2000,4,missing,0,Q_2000_4_Jan-Mar.pdf,
quarterly,2001,1,missing,0,Q_2001_1_Apr-Jun.pdf,
quarterly,2001,2,missing,0,Q_2001_2_Jul-Sep.pdf,
quarterly,2001,3,missing,0,Q_2001_3_Oct-Dec.pdf,
quarterly,2001,4,missing,0,Q_2001_4_Jan-Mar.pdf,
quarterly,2002,1,missing,0,Q_2002_1_Apr-Jun.pdf,
quarterly,2002,2,missing,0,Q_2002_2_Jul-Sep.pdf,
quarterly,2002,3,missing,0,Q_2002_3_Oct-Dec.pdf,
quarterly,2002,4,missing,0,Q_2002_4_Jan-Mar.pdf,
quarterly,2003,1,missing,0,Q_2003_1_Apr-Jun.pdf,
quarterly,2003,2,missing,0,Q_2003_2_Jul-Sep.pdf,
quarterly,2003,3,missing,0,Q_2003_3_Oct-Dec.pdf,
quarterly,2003,4,missing,0,Q_2003_4_Jan-Mar.pdf,
quarterly,2004,1,missing,0,Q_2004_1_Apr-Jun.pdf,
quarterly,2004,2,missing,0,Q_2004_2_Jul-Sep.pdf,
quarterly,2004,3,missing,0,Q_2004_3_Oct-Dec.pdf,
quarterly,2004,4,missing,0,Q_2004_4_Jan-Mar.pdf,
quarterly,2005,1,missing,0,Q_2005_1_Apr-Jun.pdf,
quarterly,2005,2,missing,0,Q_2005_2_Jul-Sep.pdf,
quarterly,2005,3,missing,0,Q_2005_3_Oct-Dec.pdf,
quarterly,2005,4,missing,0,Q_2005_4_Jan-Mar.pdf,
quarterly,2006,1,missing,0,Q_2006_1_Apr-Jun.pdf,
quarterly,2006,2,missing,0,Q_2006_2_Jul-Sep.pdf,
quarterly,2006,3,missing,0,Q_2006_3_Oct-Dec.pdf,
quarterly,2006,4,missing,0,Q_2006_4_Jan-Mar.pdf,
quarterly,2007,1,missing,0,Q_2007_1_Apr-Jun.pdf,
quarterly,2007,2,missing,0,Q_2007_2_Jul-Sep.pdf,
quarterly,2007,3,missing,0,Q_2007_3_Oct-Dec.pdf,
quarterly,2007,4,missing,0,Q_2007_4_Jan-Mar.pdf,
quarterly,2008,1,missing,0,Q_2008_1_Apr-Jun.pdf,
quarterly,2008,2,missing,0,Q_2008_2_Jul-Sep.pdf,
quarterly,2008,3,missing,0,Q_2008_3_Oct-Dec.pdf,
quarterly,2008,4,missing,0,Q_2008_4_Jan-Mar.pdf,
quarterly,2009,1,missing,0,Q_2009_1_Apr-Jun.pdf,
quarterly,2009,2,missing,0,Q_2009_2_Jul-Sep.pdf,
quarterly,2009,3,missing,0,Q_2009_3_Oct-Dec.pdf,
quarterly,2009,4,missing,0,Q_2009_4_Jan-Mar.pdf,
quarterly,2010,1,missing,0,Q_2010_1_Apr-Jun.pdf,
quarterly,2010,2,missing,0,Q_2010_2_Jul-Sep.pdf,
quarterly,2010,3,missing,0,Q_2010_3_Oct-Dec.pdf,
quarterly,2010,4,missing,0,Q_2010_4_Jan-Mar.pdf,
quarterly,2011,1,missing,0,Q_2011_1_Apr-Jun.pdf,
quarterly,2011,2,missing,0,Q_2011_2_Jul-Sep.pdf,
quarterly,2011,3,missing,0,Q_2011_3_Oct-Dec.pdf,
quarterly,2011,4,missing,0,Q_2011_4_Jan-Mar.pdf,
quarterly,2012,1,missing,0,Q_2012_1_Apr-Jun.pdf,
quarterly,2012,2,missing,0,Q_2012_2_Jul-Sep.pdf,
quarterly,2012,3,missing,0,Q_2012_3_Oct-Dec.pdf,
quarterly,2012,4,missing,0,Q_2012_4_Jan-Mar.pdf,
quarterly,2013,1,missing,0,Q_2013_1_Apr-Jun.pdf,
quarterly,2013,2,missing,0,Q_2013_2_Jul-Sep.pdf,
quarterly,2013,3,missing,0,Q_2013_3_Oct-Dec.pdf,
quarterly,2013,4,missing,0,Q_2013_4_Jan-Mar.pdf,
quarterly,2014,1,missing,0,Q_2014_1_Apr-Jun.pdf,
quarterly,2014,2,missing,0,Q_2014_2_Jul-Sep.pdf,
quarterly,2014,3,missing,0,Q_2014_3_Oct-Dec.pdf,
quarterly,2014,4,missing,0,Q_2014_4_Jan-Mar.pdf,
quarterly,2015,1,missing,0,Q_2015_1_Apr-Jun.pdf,
quarterly,2015,2,missing,0,Q_2015_2_Jul-Sep.pdf,
quarterly,2015,3,ok,23166875,Q_2015_3_Oct-Dec.pdf,https://ipm.mospi.gov.in/Content/ArchiveReport/quarterly/2015-16/Oct-Dec_2015.pdf
quarterly,2015,4,missing,0,Q_2015_4_Jan-Mar.pdf,
quarterly,2016,1,missing,0,Q_2016_1_Apr-Jun.pdf,
quarterly,2016,2,missing,0,Q_2016_2_Jul-Sep.pdf,
quarterly,2016,3,ok,11704537,Q_2016_3_Oct-Dec.pdf,https://ipm.mospi.gov.in/Content/ArchiveReport/quarterly/2016-17/Oct-Dec_2016.pdf
quarterly,2016,4,ok,20772833,Q_2016_4_Jan-Mar.pdf,https://ipm.mospi.gov.in/Content/ArchiveReport/quarterly/2015-16/Jan-Mar_2016.pdf
quarterly,2017,1,missing,0,Q_2017_1_Apr-Jun.pdf,
quarterly,2017,2,missing,0,Q_2017_2_Jul-Sep.pdf,
quarterly,2017,3,ok,7539462,Q_2017_3_Oct-Dec.pdf,https://ipm.mospi.gov.in/Content/ArchiveReport/quarterly/2017-18/Oct-Dec_2017.pdf
quarterly,2017,4,missing,0,Q_2017_4_Jan-Mar.pdf,
quarterly,2018,1,missing,0,Q_2018_1_Apr-Jun.pdf,
quarterly,2018,2,ok,27092618,Q_2018_2_Jul-Sep.pdf,https://ipm.mospi.gov.in/Content/ArchiveReport/quarterly/2018-19/Jul-Sep_2018.pdf
quarterly,2018,3,missing,0,Q_2018_3_Oct-Dec.pdf,
quarterly,2018,4,missing,0,Q_2018_4_Jan-Mar.pdf,
quarterly,2019,1,missing,0,Q_2019_1_Apr-Jun.pdf,
quarterly,2019,2,missing,0,Q_2019_2_Jul-Sep.pdf,
quarterly,2019,3,ok,13872661,Q_2019_3_Oct-Dec.pdf,https://ipm.mospi.gov.in/Content/ArchiveReport/quarterly/2019-20/Oct-Dec_2019.pdf
quarterly,2019,4,missing,0,Q_2019_4_Jan-Mar.pdf,
quarterly,2020,1,missing,0,Q_2020_1_Apr-Jun.pdf,
quarterly,2020,2,missing,0,Q_2020_2_Jul-Sep.pdf,
quarterly,2020,3,ok,31246309,Q_2020_3_Oct-Dec.pdf,https://ipm.mospi.gov.in/Content/ArchiveReport/quarterly/2020-21/Oct_Dec_2020.pdf
quarterly,2020,4,missing,0,Q_2020_4_Jan-Mar.pdf,
quarterly,2021,1,missing,0,Q_2021_1_Apr-Jun.pdf,
quarterly,2021,2,missing,0,Q_2021_2_Jul-Sep.pdf,
quarterly,2021,3,missing,0,Q_2021_3_Oct-Dec.pdf,
quarterly,2021,4,missing,0,Q_2021_4_Jan-Mar.pdf,
quarterly,2022,1,missing,0,Q_2022_1_Apr-Jun.pdf,
quarterly,2022,2,missing,0,Q_2022_2_Jul-Sep.pdf,
quarterly,2022,3,missing,0,Q_2022_3_Oct-Dec.pdf,
quarterly,2022,4,missing,0,Q_2022_4_Jan-Mar.pdf,
quarterly,2023,1,missing,0,Q_2023_1_Apr-Jun.pdf,
quarterly,2023,2,missing,0,Q_2023_2_Jul-Sep.pdf,
quarterly,2023,3,missing,0,Q_2023_3_Oct-Dec.pdf,
quarterly,2023,4,missing,0,Q_2023_4_Jan-Mar.pdf,
quarterly,2024,1,missing,0,Q_2024_1_Apr-Jun.pdf,
quarterly,2024,2,missing,0,Q_2024_2_Jul-Sep.pdf,
quarterly,2024,3,missing,0,Q_2024_3_Oct-Dec.pdf,
quarterly,2024,4,missing,0,Q_2024_4_Jan-Mar.pdf,
quarterly,2025,1,missing,0,Q_2025_1_Apr-Jun.pdf,
quarterly,2025,2,missing,0,Q_2025_2_Jul-Sep.pdf,
quarterly,2025,3,missing,0,Q_2025_3_Oct-Dec.pdf,
quarterly,2025,4,missing,0,Q_2025_4_Jan-Mar.pdf,
quarterly,2026,1,missing,0,Q_2026_1_Apr-Jun.pdf,
quarterly,2026,2,missing,0,Q_2026_2_Jul-Sep.pdf,
quarterly,2026,3,missing,0,Q_2026_3_Oct-Dec.pdf,
quarterly,2026,4,missing,0,Q_2026_4_Jan-Mar.pdf,
quarterly,2027,1,missing,0,Q_2027_1_Apr-Jun.pdf,
quarterly,2027,2,missing,0,Q_2027_2_Jul-Sep.pdf,
quarterly,2027,3,missing,0,Q_2027_3_Oct-Dec.pdf,
quarterly,2027,4,missing,0,Q_2027_4_Jan-Mar.pdf,
